<?xml version="1.0" encoding="UTF-8"?>
<metadata>
  <mediatype>audio</mediatype>
  <collection>opensource_audio</collection>
  <title>Synthesized Piano Notes</title>
  <description>Two octaves (C4-C6) in the Linux Multimedia Studio ZynAddSubFX preset instrument Binary Piano 2.</description>
  <subject>piano; scale; instrument; keyboard; note</subject>
  <creator/>
  <licenseurl>http://creativecommons.org/publicdomain/zero/1.0/</licenseurl>
  <identifier>SynthesizedPianoNotes</identifier>
  <uploader>qwertygiy@gmail.com</uploader>
  <addeddate>2012-11-13 15:57:54</addeddate>
  <publicdate>2012-11-13 15:58:53</publicdate>
  <backup_location>ia905601_17</backup_location>
  <collection>community</collection>
</metadata>
