<?xml version="1.0" encoding="UTF-8"?>
<files>
  <file name="Piano11.mp3" source="original">
    <format>VBR MP3</format>
    <length>00:02</length>
    <title></title>
    <creator></creator>
    <bitrate>192</bitrate>
    <album></album>
    <mtime>1352822069</mtime>
    <size>65238</size>
    <md5>8802b99f855c47429e901361700e0a78</md5>
    <crc32>4b812687</crc32>
    <sha1>cd3e25b626965259db9a4be2eb506b4011d60e77</sha1>
    <comment></comment>
    <genre>Other</genre>
    <height>0</height>
    <width>0</width>
  </file>
  <file name="Piano11.ogg" source="derivative">
    <format>Ogg Vorbis</format>
    <original>Piano11.mp3</original>
    <mtime>1352822309</mtime>
    <size>28054</size>
    <md5>57469297b894ca1e93e7be17514d9f02</md5>
    <crc32>07ce65a2</crc32>
    <sha1>844472ae97e231797472ee303caabc65de7d7287</sha1>
    <length>2.53</length>
    <height>0</height>
    <width>0</width>
  </file>
  <file name="Piano11.png" source="derivative">
    <format>PNG</format>
    <original>Piano11.mp3</original>
    <mtime>1415828666</mtime>
    <size>11344</size>
    <md5>afa6ea9803f6857cf24d8fc5571638a3</md5>
    <crc32>63573122</crc32>
    <sha1>51beb865f57c02cbc84c5f2b62358f27107bfc8e</sha1>
  </file>
  <file name="Piano110.mp3" source="original">
    <format>VBR MP3</format>
    <length>00:02</length>
    <title></title>
    <creator></creator>
    <bitrate>192</bitrate>
    <album></album>
    <mtime>1352822078</mtime>
    <size>65312</size>
    <md5>caa8c2b94a4d3a514538000d40f0fc67</md5>
    <crc32>0220dde8</crc32>
    <sha1>d8cc3fb88ac5f8a0e6a091e371dab7a2a3bcf475</sha1>
    <comment></comment>
    <genre>Other</genre>
    <height>0</height>
    <width>0</width>
  </file>
  <file name="Piano110.ogg" source="derivative">
    <format>Ogg Vorbis</format>
    <original>Piano110.mp3</original>
    <mtime>1352822308</mtime>
    <size>29722</size>
    <md5>531764283a5b361ddc10d49564845cd0</md5>
    <crc32>ae4dbe7c</crc32>
    <sha1>68a377998fec595c023fa445ad4a169986d6a6fa</sha1>
    <length>2.53</length>
    <height>0</height>
    <width>0</width>
  </file>
  <file name="Piano110.png" source="derivative">
    <format>PNG</format>
    <original>Piano110.mp3</original>
    <mtime>1415828673</mtime>
    <size>4495</size>
    <md5>c1a55a27d5a7dba3af7677d106013d7b</md5>
    <crc32>98a769bf</crc32>
    <sha1>3d7893ea0c99804cb29db9b1193e4ce4f714d8f6</sha1>
  </file>
  <file name="Piano111.mp3" source="original">
    <format>VBR MP3</format>
    <length>00:02</length>
    <title></title>
    <creator></creator>
    <bitrate>192</bitrate>
    <album></album>
    <mtime>1352822079</mtime>
    <size>65359</size>
    <md5>431a19462ae5b6f1ab496303f3f25e44</md5>
    <crc32>f4f2d6d6</crc32>
    <sha1>0d1fce7fda96520b4e47c80a54bab5b9c179b72e</sha1>
    <comment></comment>
    <genre>Other</genre>
    <height>0</height>
    <width>0</width>
  </file>
  <file name="Piano111.ogg" source="derivative">
    <format>Ogg Vorbis</format>
    <original>Piano111.mp3</original>
    <mtime>1352822304</mtime>
    <size>29824</size>
    <md5>398abd2bd70e3e7355fa93b32376f254</md5>
    <crc32>d7cfcf33</crc32>
    <sha1>82e506fa3c34af4341e4ec4896baccaec1e5db39</sha1>
    <length>2.53</length>
    <height>0</height>
    <width>0</width>
  </file>
  <file name="Piano111.png" source="derivative">
    <format>PNG</format>
    <original>Piano111.mp3</original>
    <mtime>1415828675</mtime>
    <size>5418</size>
    <md5>17e5195de44230768c7cd35654204b48</md5>
    <crc32>e137febd</crc32>
    <sha1>d9e420fdde5f8cc4a9b0ae38068116730d622eb1</sha1>
  </file>
  <file name="Piano112.mp3" source="original">
    <format>VBR MP3</format>
    <length>00:02</length>
    <title></title>
    <creator></creator>
    <bitrate>192</bitrate>
    <album></album>
    <mtime>1352822080</mtime>
    <size>65311</size>
    <md5>90ceaea3f5ece45e0669d39e6cb3c7be</md5>
    <crc32>a0be70a4</crc32>
    <sha1>5f188060ddbb72340a97bc32ad9b88e065b00879</sha1>
    <comment></comment>
    <genre>Other</genre>
    <height>0</height>
    <width>0</width>
  </file>
  <file name="Piano112.ogg" source="derivative">
    <format>Ogg Vorbis</format>
    <original>Piano112.mp3</original>
    <mtime>1352822305</mtime>
    <size>30212</size>
    <md5>889c2d2484c11754a7297261cd528c7c</md5>
    <crc32>c475b36d</crc32>
    <sha1>bef69c71685d75c414856dc35390553411ac7b9b</sha1>
    <length>2.53</length>
    <height>0</height>
    <width>0</width>
  </file>
  <file name="Piano112.png" source="derivative">
    <format>PNG</format>
    <original>Piano112.mp3</original>
    <mtime>1415828685</mtime>
    <size>4839</size>
    <md5>6f90aefcebc6bef9f7cef54ab72a3bd6</md5>
    <crc32>7a37f0b2</crc32>
    <sha1>7ead386497bba286a931633f49254bc4c5d02f53</sha1>
  </file>
  <file name="Piano113.mp3" source="original">
    <format>VBR MP3</format>
    <length>00:02</length>
    <title></title>
    <creator></creator>
    <bitrate>192</bitrate>
    <album></album>
    <mtime>1352822082</mtime>
    <size>65349</size>
    <md5>0f9a6131c827c0c120e57c5481e4fe66</md5>
    <crc32>2ca5fab0</crc32>
    <sha1>57f8d2e9683af2bc7acdc649e094bb9fb69f6075</sha1>
    <comment></comment>
    <genre>Other</genre>
    <height>0</height>
    <width>0</width>
  </file>
  <file name="Piano113.ogg" source="derivative">
    <format>Ogg Vorbis</format>
    <original>Piano113.mp3</original>
    <mtime>1352822306</mtime>
    <size>30915</size>
    <md5>572389d7536195f3ae841c26a54d7ed7</md5>
    <crc32>1d95b7a4</crc32>
    <sha1>083ebb4ad40cb060eed2c85ee3debfc3fc84b201</sha1>
    <length>2.53</length>
    <height>0</height>
    <width>0</width>
  </file>
  <file name="Piano113.png" source="derivative">
    <format>PNG</format>
    <original>Piano113.mp3</original>
    <mtime>1415828682</mtime>
    <size>4609</size>
    <md5>6a38b68787900bb6e8b14109a28082c0</md5>
    <crc32>0678f11a</crc32>
    <sha1>7bec55cf4c330b7993f1f2d78ad87df5b4295ea8</sha1>
  </file>
  <file name="Piano114.mp3" source="original">
    <format>VBR MP3</format>
    <length>00:02</length>
    <title></title>
    <creator></creator>
    <bitrate>192</bitrate>
    <album></album>
    <mtime>1352822083</mtime>
    <size>65313</size>
    <md5>a68aa8daa11ce627e600430179ab5909</md5>
    <crc32>560569b8</crc32>
    <sha1>48d006c3fdf24f95c6deda8f6f5b18b803934ab0</sha1>
    <comment></comment>
    <genre>Other</genre>
    <height>0</height>
    <width>0</width>
  </file>
  <file name="Piano114.ogg" source="derivative">
    <format>Ogg Vorbis</format>
    <original>Piano114.mp3</original>
    <mtime>1352822310</mtime>
    <size>31552</size>
    <md5>74ca7edc08f20d43aabe4a130ecce274</md5>
    <crc32>3944d5f5</crc32>
    <sha1>9e11ae4b94083c9a3864e199a12ae7329ebc21dc</sha1>
    <length>2.53</length>
    <height>0</height>
    <width>0</width>
  </file>
  <file name="Piano114.png" source="derivative">
    <format>PNG</format>
    <original>Piano114.mp3</original>
    <mtime>1415828687</mtime>
    <size>4724</size>
    <md5>e4c4d6f2cf80954bc67f810144fcf306</md5>
    <crc32>2c5fd759</crc32>
    <sha1>666dcc7889b50789a49889368393b1f1c035a54c</sha1>
  </file>
  <file name="Piano115.mp3" source="original">
    <format>VBR MP3</format>
    <length>00:02</length>
    <title></title>
    <creator></creator>
    <bitrate>192</bitrate>
    <album></album>
    <mtime>1352822085</mtime>
    <size>65405</size>
    <md5>c8715aeb739365cdd3c89956b7e5fd8c</md5>
    <crc32>72aa08cd</crc32>
    <sha1>e8558f705f917ed1c0628e647bbdbe91caad19e9</sha1>
    <comment></comment>
    <genre>Other</genre>
    <height>0</height>
    <width>0</width>
  </file>
  <file name="Piano115.ogg" source="derivative">
    <format>Ogg Vorbis</format>
    <original>Piano115.mp3</original>
    <mtime>1352822306</mtime>
    <size>30945</size>
    <md5>8d7a0684d5d2e820d62611449b9647d2</md5>
    <crc32>708683c6</crc32>
    <sha1>571c864e72b8f40b1e6121b3c95df21cea2ffc66</sha1>
    <length>2.53</length>
    <height>0</height>
    <width>0</width>
  </file>
  <file name="Piano115.png" source="derivative">
    <format>PNG</format>
    <original>Piano115.mp3</original>
    <mtime>1415828689</mtime>
    <size>5160</size>
    <md5>c5f6822856425f3715142a308984b9f2</md5>
    <crc32>56728528</crc32>
    <sha1>eb184af0c89bc2c82d6773cd905a7edab7a793b9</sha1>
  </file>
  <file name="Piano116.mp3" source="original">
    <format>VBR MP3</format>
    <length>00:02</length>
    <title></title>
    <creator></creator>
    <bitrate>192</bitrate>
    <album></album>
    <mtime>1352822086</mtime>
    <size>65438</size>
    <md5>c6aff9f53fa92ade5cc69a9ac7c21ddf</md5>
    <crc32>d6ad1775</crc32>
    <sha1>6b8da477da3142237d451f8832680a81a0e17715</sha1>
    <comment></comment>
    <genre>Other</genre>
    <height>0</height>
    <width>0</width>
  </file>
  <file name="Piano116.ogg" source="derivative">
    <format>Ogg Vorbis</format>
    <original>Piano116.mp3</original>
    <mtime>1352822305</mtime>
    <size>31418</size>
    <md5>8958a3b5f9a352af61febdff8264441a</md5>
    <crc32>fbbf6bdb</crc32>
    <sha1>a2a75f4329de73038657823f061da311000a4f37</sha1>
    <length>2.53</length>
    <height>0</height>
    <width>0</width>
  </file>
  <file name="Piano116.png" source="derivative">
    <format>PNG</format>
    <original>Piano116.mp3</original>
    <mtime>1415828698</mtime>
    <size>4578</size>
    <md5>d1cd17ddcbcb5be11bf5186835edbf0b</md5>
    <crc32>7cd47a29</crc32>
    <sha1>90a361521e90c3b3ea9358cb95cab0b7827b857c</sha1>
  </file>
  <file name="Piano117.mp3" source="original">
    <format>VBR MP3</format>
    <length>00:02</length>
    <title></title>
    <creator></creator>
    <bitrate>192</bitrate>
    <album></album>
    <mtime>1352822092</mtime>
    <size>65306</size>
    <md5>809e21cd3bec8c4dd015dc3ec8df0fd1</md5>
    <crc32>8d53fdca</crc32>
    <sha1>d2942f628d059f2a91b51d1b042c15fa2d7ed9e0</sha1>
    <comment></comment>
    <genre>Other</genre>
    <height>0</height>
    <width>0</width>
  </file>
  <file name="Piano117.ogg" source="derivative">
    <format>Ogg Vorbis</format>
    <original>Piano117.mp3</original>
    <mtime>1352822307</mtime>
    <size>31130</size>
    <md5>fef8bedd1b02935437a796c96831b627</md5>
    <crc32>48625580</crc32>
    <sha1>b1cd9b6a57a2a12a9de341690d7ea8ac961bb431</sha1>
    <length>2.53</length>
    <height>0</height>
    <width>0</width>
  </file>
  <file name="Piano117.png" source="derivative">
    <format>PNG</format>
    <original>Piano117.mp3</original>
    <mtime>1415828717</mtime>
    <size>4948</size>
    <md5>8ea4db8e87a5e8749838e9071ad39606</md5>
    <crc32>feb15b17</crc32>
    <sha1>882ffb8ed2011b0b0741b274ee5c0e32cf5edc2a</sha1>
  </file>
  <file name="Piano118.mp3" source="original">
    <format>VBR MP3</format>
    <length>00:02</length>
    <title></title>
    <creator></creator>
    <bitrate>192</bitrate>
    <album></album>
    <mtime>1352822094</mtime>
    <size>65297</size>
    <md5>f79cc082b0324c6df0ce4ee159bf6e9b</md5>
    <crc32>95bb60b4</crc32>
    <sha1>7d70f01cf9ef422369f901f100071b1334425796</sha1>
    <comment></comment>
    <genre>Other</genre>
    <height>0</height>
    <width>0</width>
  </file>
  <file name="Piano118.ogg" source="derivative">
    <format>Ogg Vorbis</format>
    <original>Piano118.mp3</original>
    <mtime>1352822308</mtime>
    <size>31844</size>
    <md5>3d0fc9a15261325e49e7c0d8b6bd5451</md5>
    <crc32>fd745ac1</crc32>
    <sha1>27159ce02fe42b1c5a810c3da99d2d8fefecf2e5</sha1>
    <length>2.53</length>
    <height>0</height>
    <width>0</width>
  </file>
  <file name="Piano118.png" source="derivative">
    <format>PNG</format>
    <original>Piano118.mp3</original>
    <mtime>1415828696</mtime>
    <size>4926</size>
    <md5>b3ad83ea85a167e747d731fe6cfc029c</md5>
    <crc32>fc3496b4</crc32>
    <sha1>23e4d62ac721396bb5b5784e008d988df6c967f5</sha1>
  </file>
  <file name="Piano119.mp3" source="original">
    <format>VBR MP3</format>
    <length>00:02</length>
    <title></title>
    <creator></creator>
    <bitrate>192</bitrate>
    <album></album>
    <mtime>1352822094</mtime>
    <size>65333</size>
    <md5>8fa5ded562403c8d1f3dbc2b006155d3</md5>
    <crc32>9716e5c1</crc32>
    <sha1>904279c8a2dbfca17f518c7c44b9b61efe5c3fc9</sha1>
    <comment></comment>
    <genre>Other</genre>
    <height>0</height>
    <width>0</width>
  </file>
  <file name="Piano119.ogg" source="derivative">
    <format>Ogg Vorbis</format>
    <original>Piano119.mp3</original>
    <mtime>1352822309</mtime>
    <size>31977</size>
    <md5>be45d6d0f473d9ebfedae7fdb5a7d705</md5>
    <crc32>49aef43c</crc32>
    <sha1>c2d18e8a31f31293fe835b5d37d037f91382aa6f</sha1>
    <length>2.53</length>
    <height>0</height>
    <width>0</width>
  </file>
  <file name="Piano119.png" source="derivative">
    <format>PNG</format>
    <original>Piano119.mp3</original>
    <mtime>1415828709</mtime>
    <size>4566</size>
    <md5>da3b45a2c498e6435c2d0210d7a3ae48</md5>
    <crc32>a5f1c697</crc32>
    <sha1>f16ba355500b2af2f4ea42372fbeb59f2605b7ea</sha1>
  </file>
  <file name="Piano12.mp3" source="original">
    <format>VBR MP3</format>
    <length>00:02</length>
    <title></title>
    <creator></creator>
    <bitrate>192</bitrate>
    <album></album>
    <mtime>1352822070</mtime>
    <size>65313</size>
    <md5>536c91cb9754f2cd980c3afb0102460c</md5>
    <crc32>eb46b69e</crc32>
    <sha1>2a406e32d564f76f1a8a2717c479be2005687519</sha1>
    <comment></comment>
    <genre>Other</genre>
    <height>0</height>
    <width>0</width>
  </file>
  <file name="Piano12.ogg" source="derivative">
    <format>Ogg Vorbis</format>
    <original>Piano12.mp3</original>
    <mtime>1352822317</mtime>
    <size>28723</size>
    <md5>64756543380bc981edb959906aea61fb</md5>
    <crc32>cd4f3925</crc32>
    <sha1>c228146a11ec70e2e351d4cc7a54d5e94430fa53</sha1>
    <length>2.53</length>
    <height>0</height>
    <width>0</width>
  </file>
  <file name="Piano12.png" source="derivative">
    <format>PNG</format>
    <original>Piano12.mp3</original>
    <mtime>1415828714</mtime>
    <size>8831</size>
    <md5>11622785963f75be89837a16f1dbed7a</md5>
    <crc32>eb72dd52</crc32>
    <sha1>9bb7b8fe5130127e52f919cfefb40e2dfa521887</sha1>
  </file>
  <file name="Piano120.mp3" source="original">
    <format>VBR MP3</format>
    <length>00:02</length>
    <title></title>
    <creator></creator>
    <bitrate>192</bitrate>
    <album></album>
    <mtime>1352822095</mtime>
    <size>65422</size>
    <md5>63728a03a163d12af6faa138f946b7bf</md5>
    <crc32>233d5c52</crc32>
    <sha1>eca29cd69a7f1e5134108e9f101e894a76e8d110</sha1>
    <comment></comment>
    <genre>Other</genre>
    <height>0</height>
    <width>0</width>
  </file>
  <file name="Piano120.ogg" source="derivative">
    <format>Ogg Vorbis</format>
    <original>Piano120.mp3</original>
    <mtime>1352822307</mtime>
    <size>32159</size>
    <md5>52c51a0381f7697648294a6962aa5cd9</md5>
    <crc32>cafde260</crc32>
    <sha1>a5d76263f23a239a0b3616270199216b5dcc87aa</sha1>
    <length>2.53</length>
    <height>0</height>
    <width>0</width>
  </file>
  <file name="Piano120.png" source="derivative">
    <format>PNG</format>
    <original>Piano120.mp3</original>
    <mtime>1415828708</mtime>
    <size>5253</size>
    <md5>1bb9530e8d7e0576988f8c9aec60b7b2</md5>
    <crc32>2c4b2ce1</crc32>
    <sha1>fc76b7388e2761fb0e30976903caba228588f7f9</sha1>
  </file>
  <file name="Piano121.mp3" source="original">
    <format>VBR MP3</format>
    <length>00:02</length>
    <title></title>
    <creator></creator>
    <bitrate>192</bitrate>
    <album></album>
    <mtime>1352822096</mtime>
    <size>65336</size>
    <md5>fa2f4ff2a055058d849bf2f5d064c2e1</md5>
    <crc32>91bb5d60</crc32>
    <sha1>7e12f85e6fa2041a811086361fbf158396464bb1</sha1>
    <comment></comment>
    <genre>Other</genre>
    <height>0</height>
    <width>0</width>
  </file>
  <file name="Piano121.ogg" source="derivative">
    <format>Ogg Vorbis</format>
    <original>Piano121.mp3</original>
    <mtime>1352822311</mtime>
    <size>31809</size>
    <md5>f1e3d607b25144dfe4ff1e9409493f9a</md5>
    <crc32>29c20fda</crc32>
    <sha1>497f5f716b2e616ace46ecaa85991d9ddd7cb2a9</sha1>
    <length>2.53</length>
    <height>0</height>
    <width>0</width>
  </file>
  <file name="Piano121.png" source="derivative">
    <format>PNG</format>
    <original>Piano121.mp3</original>
    <mtime>1415828691</mtime>
    <size>4693</size>
    <md5>07acbf2f3f58fd5eb42c6fd6ee7ae4a4</md5>
    <crc32>73d3a6bf</crc32>
    <sha1>cbfa6cac29f23d334465a0bdac162772a4684bcc</sha1>
  </file>
  <file name="Piano122.mp3" source="original">
    <format>VBR MP3</format>
    <length>00:02</length>
    <title></title>
    <creator></creator>
    <bitrate>192</bitrate>
    <album></album>
    <mtime>1352822097</mtime>
    <size>64748</size>
    <md5>a6b23a37688ac801caaed1b3c7fe19e2</md5>
    <crc32>e8a9d4e1</crc32>
    <sha1>d059ee539590d3ffbae4e4f15b1742009cf35c7e</sha1>
    <comment></comment>
    <genre>Other</genre>
    <height>0</height>
    <width>0</width>
  </file>
  <file name="Piano122.ogg" source="derivative">
    <format>Ogg Vorbis</format>
    <original>Piano122.mp3</original>
    <mtime>1352822315</mtime>
    <size>31115</size>
    <md5>0690f6ddce074b283db525f550087d9f</md5>
    <crc32>54e85cb7</crc32>
    <sha1>c0417738e36b3a107895e9f92e188f512a264bb1</sha1>
    <length>2.51</length>
    <height>0</height>
    <width>0</width>
  </file>
  <file name="Piano122.png" source="derivative">
    <format>PNG</format>
    <original>Piano122.mp3</original>
    <mtime>1415828704</mtime>
    <size>4547</size>
    <md5>7f01527a30aa57754b9a1dcf85793830</md5>
    <crc32>0305cc95</crc32>
    <sha1>c2cb5640b22b10f6a52926723c1676f411f88268</sha1>
  </file>
  <file name="Piano123.mp3" source="original">
    <format>VBR MP3</format>
    <length>00:02</length>
    <title></title>
    <creator></creator>
    <bitrate>192</bitrate>
    <album></album>
    <mtime>1352822098</mtime>
    <size>65406</size>
    <md5>8eced6d9e143e1ccb74bd4b8419bea7f</md5>
    <crc32>fe19b406</crc32>
    <sha1>63c3989151d245b6153032ccbd3cce37edbc8888</sha1>
    <comment></comment>
    <genre>Other</genre>
    <height>0</height>
    <width>0</width>
  </file>
  <file name="Piano123.ogg" source="derivative">
    <format>Ogg Vorbis</format>
    <original>Piano123.mp3</original>
    <mtime>1352822311</mtime>
    <size>31375</size>
    <md5>84d89cc2c363d8dc327c3aa6a60cbce0</md5>
    <crc32>7e083860</crc32>
    <sha1>3f7f9a5abf5f7904dab7f934417d132e84884f20</sha1>
    <length>2.53</length>
    <height>0</height>
    <width>0</width>
  </file>
  <file name="Piano123.png" source="derivative">
    <format>PNG</format>
    <original>Piano123.mp3</original>
    <mtime>1415828681</mtime>
    <size>5856</size>
    <md5>4231f68321cd72887a2c24843dd86de8</md5>
    <crc32>f4e36ba6</crc32>
    <sha1>0f64f7db6e2da47e053f729264af65adf01723b7</sha1>
  </file>
  <file name="Piano124.mp3" source="original">
    <format>VBR MP3</format>
    <length>00:02</length>
    <title></title>
    <creator></creator>
    <bitrate>192</bitrate>
    <album></album>
    <mtime>1352822099</mtime>
    <size>65307</size>
    <md5>91853b6ce60ee279ccfc6238ba8f7bac</md5>
    <crc32>92ca1eb6</crc32>
    <sha1>70c7741eb332fefeb270f3ca1addf866223960bd</sha1>
    <comment></comment>
    <genre>Other</genre>
    <height>0</height>
    <width>0</width>
  </file>
  <file name="Piano124.ogg" source="derivative">
    <format>Ogg Vorbis</format>
    <original>Piano124.mp3</original>
    <mtime>1352822312</mtime>
    <size>31408</size>
    <md5>94b62b422b8539c08bf62319cef401ce</md5>
    <crc32>671fbfbf</crc32>
    <sha1>e2badcadc626b5a385a60551b5bcb2236dfa11ba</sha1>
    <length>2.53</length>
    <height>0</height>
    <width>0</width>
  </file>
  <file name="Piano124.png" source="derivative">
    <format>PNG</format>
    <original>Piano124.mp3</original>
    <mtime>1415828700</mtime>
    <size>4979</size>
    <md5>062b1df23637efe36fc70ac5bddffdb5</md5>
    <crc32>317da79d</crc32>
    <sha1>641e4620d67eb47868ca826ca34ddce58b9e4bbf</sha1>
  </file>
  <file name="Piano125.mp3" source="original">
    <format>VBR MP3</format>
    <length>00:02</length>
    <title></title>
    <creator></creator>
    <bitrate>192</bitrate>
    <album></album>
    <mtime>1352822068</mtime>
    <size>67273</size>
    <md5>7a06126ad84d726210f3bf2f9f3b2605</md5>
    <crc32>19f8ac5b</crc32>
    <sha1>3ac0155f588eafd50b5c56a17e91cc175dc67664</sha1>
    <comment></comment>
    <genre>Other</genre>
    <height>0</height>
    <width>0</width>
  </file>
  <file name="Piano125.ogg" source="derivative">
    <format>Ogg Vorbis</format>
    <original>Piano125.mp3</original>
    <mtime>1352822313</mtime>
    <size>31886</size>
    <md5>6da3a27665439122085c3ef2b6d9356f</md5>
    <crc32>1d47902a</crc32>
    <sha1>19bf32b3d4d4b4e6704013dd4ac2328e1f9fa0e7</sha1>
    <length>2.61</length>
    <height>0</height>
    <width>0</width>
  </file>
  <file name="Piano125.png" source="derivative">
    <format>PNG</format>
    <original>Piano125.mp3</original>
    <mtime>1415828670</mtime>
    <size>5174</size>
    <md5>1038bc7ff45ef4427126391f8c721061</md5>
    <crc32>8189b709</crc32>
    <sha1>0c38777dbb865c620bcb72305b5a61ffd5a10c3d</sha1>
  </file>
  <file name="Piano13.mp3" source="original">
    <format>VBR MP3</format>
    <length>00:02</length>
    <title></title>
    <creator></creator>
    <bitrate>192</bitrate>
    <album></album>
    <mtime>1352822071</mtime>
    <size>65293</size>
    <md5>7e50bde593064e47c5e71fe8c9a307d8</md5>
    <crc32>ccdf74dd</crc32>
    <sha1>b244180ec994e784d0911fc014c066c7f7aa0d72</sha1>
    <comment></comment>
    <genre>Other</genre>
    <height>0</height>
    <width>0</width>
  </file>
  <file name="Piano13.ogg" source="derivative">
    <format>Ogg Vorbis</format>
    <original>Piano13.mp3</original>
    <mtime>1352822313</mtime>
    <size>28492</size>
    <md5>293ab179dc7adea34b84d2681411fdc0</md5>
    <crc32>b2ed343e</crc32>
    <sha1>f4eaf9bacdc6c8cd01a7018eca7b3416df2c6f60</sha1>
    <length>2.53</length>
    <height>0</height>
    <width>0</width>
  </file>
  <file name="Piano13.png" source="derivative">
    <format>PNG</format>
    <original>Piano13.mp3</original>
    <mtime>1415828715</mtime>
    <size>8714</size>
    <md5>b2c5d841b1b473d8fbab9f833ae2d7d2</md5>
    <crc32>ab8457ec</crc32>
    <sha1>9a57f1f443f6e4f6a209546c7776f05460a6a85f</sha1>
  </file>
  <file name="Piano14.mp3" source="original">
    <format>VBR MP3</format>
    <length>00:02</length>
    <title></title>
    <creator></creator>
    <bitrate>192</bitrate>
    <album></album>
    <mtime>1352822071</mtime>
    <size>65420</size>
    <md5>07d369a52b45cef4a343a4fab5b3165c</md5>
    <crc32>7c409ca1</crc32>
    <sha1>0a1d16589a49bfc924ddf3a10a0689f48ad1613b</sha1>
    <comment></comment>
    <genre>Other</genre>
    <height>0</height>
    <width>0</width>
  </file>
  <file name="Piano14.ogg" source="derivative">
    <format>Ogg Vorbis</format>
    <original>Piano14.mp3</original>
    <mtime>1352822312</mtime>
    <size>28846</size>
    <md5>f4ae41b878cdceb64b7e21dee9b8f4e4</md5>
    <crc32>2225aee1</crc32>
    <sha1>bccde1832c3958999135b7af0f960b2502f092db</sha1>
    <length>2.53</length>
    <height>0</height>
    <width>0</width>
  </file>
  <file name="Piano14.png" source="derivative">
    <format>PNG</format>
    <original>Piano14.mp3</original>
    <mtime>1415828711</mtime>
    <size>8252</size>
    <md5>fc03e91a7e75565fd813609a03816613</md5>
    <crc32>b5ec28ff</crc32>
    <sha1>931bc92d50a510d54e86b48cbd370528dc78dc29</sha1>
  </file>
  <file name="Piano15.mp3" source="original">
    <format>VBR MP3</format>
    <length>00:02</length>
    <title></title>
    <creator></creator>
    <bitrate>192</bitrate>
    <album></album>
    <mtime>1352822072</mtime>
    <size>64700</size>
    <md5>2579aad0db78bf8fa320f7365a30edd5</md5>
    <crc32>6ef77de3</crc32>
    <sha1>f4c9850f59158133c50ad3a44bd8e3a75847e233</sha1>
    <comment></comment>
    <genre>Other</genre>
    <height>0</height>
    <width>0</width>
  </file>
  <file name="Piano15.ogg" source="derivative">
    <format>Ogg Vorbis</format>
    <original>Piano15.mp3</original>
    <mtime>1352822314</mtime>
    <size>28859</size>
    <md5>a963335c0326f27d20bed93320d42b13</md5>
    <crc32>83ce966c</crc32>
    <sha1>96e9fbf819970f0fc3d244cf7a46cec79d4d8f7e</sha1>
    <length>2.51</length>
    <height>0</height>
    <width>0</width>
  </file>
  <file name="Piano15.png" source="derivative">
    <format>PNG</format>
    <original>Piano15.mp3</original>
    <mtime>1415828702</mtime>
    <size>8291</size>
    <md5>9034f96b6f39110c35de67991b8fbfbb</md5>
    <crc32>0601013f</crc32>
    <sha1>f9e19910c42a72b3f2f27abd163f455038d1aea0</sha1>
  </file>
  <file name="Piano16.mp3" source="original">
    <format>VBR MP3</format>
    <length>00:02</length>
    <title></title>
    <creator></creator>
    <bitrate>192</bitrate>
    <album></album>
    <mtime>1352822073</mtime>
    <size>65353</size>
    <md5>a14ec2f6b2ce07d38371b8e77190a83a</md5>
    <crc32>f7f02acc</crc32>
    <sha1>d374f129f4bdc680586b779186603b02e708b1ed</sha1>
    <comment></comment>
    <genre>Other</genre>
    <height>0</height>
    <width>0</width>
  </file>
  <file name="Piano16.ogg" source="derivative">
    <format>Ogg Vorbis</format>
    <original>Piano16.mp3</original>
    <mtime>1352822315</mtime>
    <size>29349</size>
    <md5>f9596b18d84efa598ec28e253f87afb7</md5>
    <crc32>8b3e160c</crc32>
    <sha1>af8d1b7e66e8e0d81d44e2f95e5bbec03c93bb18</sha1>
    <length>2.53</length>
    <height>0</height>
    <width>0</width>
  </file>
  <file name="Piano16.png" source="derivative">
    <format>PNG</format>
    <original>Piano16.mp3</original>
    <mtime>1415828693</mtime>
    <size>5835</size>
    <md5>5117b43a8d2132b8e99f166dcdc00b83</md5>
    <crc32>6950f8f5</crc32>
    <sha1>eb87aeb6508111f5bfa49c80393ba170b468910e</sha1>
  </file>
  <file name="Piano17.mp3" source="original">
    <format>VBR MP3</format>
    <length>00:02</length>
    <title></title>
    <creator></creator>
    <bitrate>192</bitrate>
    <album></album>
    <mtime>1352822074</mtime>
    <size>65245</size>
    <md5>ec4cfa21ade87b4bed7d1c46ef71e431</md5>
    <crc32>5c45059a</crc32>
    <sha1>d851001855b1dca4e566a804df64e1aec8a424b7</sha1>
    <comment></comment>
    <genre>Other</genre>
    <height>0</height>
    <width>0</width>
  </file>
  <file name="Piano17.ogg" source="derivative">
    <format>Ogg Vorbis</format>
    <original>Piano17.mp3</original>
    <mtime>1352822316</mtime>
    <size>29810</size>
    <md5>ef648e16d0e77dd545c593dda038b8b8</md5>
    <crc32>f9fed2e2</crc32>
    <sha1>01026705b792850e5fe12bb93e201d40f1ee5bdc</sha1>
    <length>2.53</length>
    <height>0</height>
    <width>0</width>
  </file>
  <file name="Piano17.png" source="derivative">
    <format>PNG</format>
    <original>Piano17.mp3</original>
    <mtime>1415828679</mtime>
    <size>5166</size>
    <md5>5e3eee60406db381d4fac500fb578087</md5>
    <crc32>5c10e466</crc32>
    <sha1>69758c83e97ca5f13a29959619a732bb7dca83e4</sha1>
  </file>
  <file name="Piano18.mp3" source="original">
    <format>VBR MP3</format>
    <length>00:02</length>
    <title></title>
    <creator></creator>
    <bitrate>192</bitrate>
    <album></album>
    <mtime>1352822075</mtime>
    <size>65336</size>
    <md5>4590d7316d12fd7b86ebfe545a6fd788</md5>
    <crc32>ad0c8611</crc32>
    <sha1>e84405b0c3a4d04fb805b67774e89818814324b5</sha1>
    <comment></comment>
    <genre>Other</genre>
    <height>0</height>
    <width>0</width>
  </file>
  <file name="Piano18.ogg" source="derivative">
    <format>Ogg Vorbis</format>
    <original>Piano18.mp3</original>
    <mtime>1352822316</mtime>
    <size>30008</size>
    <md5>8c380132baa6d54eb5880094de5730de</md5>
    <crc32>9f63a3ae</crc32>
    <sha1>bbcb7168972434ee922b128b291ba7cbc32d734b</sha1>
    <length>2.53</length>
    <height>0</height>
    <width>0</width>
  </file>
  <file name="Piano18.png" source="derivative">
    <format>PNG</format>
    <original>Piano18.mp3</original>
    <mtime>1415828677</mtime>
    <size>4695</size>
    <md5>9ef68bbaf5165737cc7c41035002880b</md5>
    <crc32>99d6eef1</crc32>
    <sha1>3ab20603826eb9dc6f018aaa2d8b47083b08dc71</sha1>
  </file>
  <file name="Piano19.mp3" source="original">
    <format>VBR MP3</format>
    <length>00:02</length>
    <title></title>
    <creator></creator>
    <bitrate>192</bitrate>
    <album></album>
    <mtime>1352822077</mtime>
    <size>65323</size>
    <md5>0fa7a1d38029bce2d824dd165081ecae</md5>
    <crc32>57c7fac2</crc32>
    <sha1>fb4e52d9fd2ba8b0c0e235cdb0d7fd23889f54a5</sha1>
    <comment></comment>
    <genre>Other</genre>
    <height>0</height>
    <width>0</width>
  </file>
  <file name="Piano19.ogg" source="derivative">
    <format>Ogg Vorbis</format>
    <original>Piano19.mp3</original>
    <mtime>1352822314</mtime>
    <size>29880</size>
    <md5>df240cbb3d9b35f8d7c1baaaac03199c</md5>
    <crc32>315e7444</crc32>
    <sha1>3ccd405b8fc94721471e0ea16bb2f46df4ce9053</sha1>
    <length>2.53</length>
    <height>0</height>
    <width>0</width>
  </file>
  <file name="Piano19.png" source="derivative">
    <format>PNG</format>
    <original>Piano19.mp3</original>
    <mtime>1415828672</mtime>
    <size>5472</size>
    <md5>e247573e126192e16e56ba519d76fa4d</md5>
    <crc32>162dcdac</crc32>
    <sha1>7380571b5e2b2a91db577870dacb23fc812aa1fd</sha1>
  </file>
  <file name="SynthesizedPianoNotes_archive.torrent" source="metadata">
    <btih>f69e76cf80dc96b5ff940238c418e99678e7c648</btih>
    <mtime>1727361338</mtime>
    <size>14018</size>
    <md5>f2e52065531d5eee0fb945f849c5e729</md5>
    <crc32>5be93848</crc32>
    <sha1>89622f127818bd512652778df5e1f4a7aefeb490</sha1>
    <format>Archive BitTorrent</format>
  </file>
  <file name="SynthesizedPianoNotes_files.xml" source="original">
    <format>Metadata</format>
    <md5>42aa0e82a40100c0181b0bcb95ceb2cc</md5>
    <summation>md5</summation>
  </file>
  <file name="SynthesizedPianoNotes_meta.xml" source="original">
    <format>Metadata</format>
    <mtime>1613713060</mtime>
    <size>726</size>
    <md5>dbaffcc30ac47cccd13aaad07f56d81f</md5>
    <crc32>efd017e7</crc32>
    <sha1>b61e137c8ac2b65bbf54225704c2489af18fe41a</sha1>
  </file>
  <file name="__ia_thumb.jpg" source="original">
    <mtime>1727344120</mtime>
    <size>2040</size>
    <md5>a2288f9c52e42fb53b55075229558573</md5>
    <crc32>09e05805</crc32>
    <sha1>4941c6e484cef25c1d5f3a7fb67eac292255e38d</sha1>
    <format>Item Tile</format>
    <rotation>0</rotation>
  </file>
</files>
